hg,                           |hhhh
hg,                           |hhhh
hg,                           |hhhh
hg,                           |hhhh
hg,                           |hhhh
hg,                           |hhhh
hg,                           |hhhh
hg,                           |hhhh
hg,                           |hhhh
hg,                           |hhhh
hg,                           |hhhh
hg,                           |hhhh
hg,                           |hhhh
hg,                           |hhhh
hg,                           |hhhh